Project 1,project description here,https://www.youtube.com/watch?v=dQw4w9WgXcQ
Project 2,project description here,https://www.youtube.com/watch?v=dQw4w9WgXcQ
Project 3,project description here,https://www.youtube.com/watch?v=dQw4w9WgXcQ
four,project description here,https://www.youtube.com/watch?v=dQw4w9WgXcQ
five,project description here,https://www.youtube.com/watch?v=dQw4w9WgXcQ
six,project description here,https://www.youtube.com/watch?v=dQw4w9WgXcQ
seven,project description here,https://www.youtube.com/watch?v=dQw4w9WgXcQ
eight,project description here,https://www.youtube.com/watch?v=dQw4w9WgXcQ
nine,project description here,https://www.youtube.com/watch?v=dQw4w9WgXcQ
ten,project description here,https://www.youtube.com/watch?v=dQw4w9WgXcQ
PROJ ELEVEN,project description here,https://www.youtube.com/watch?v=dQw4w9WgXcQ
twelve,project description here,https://www.youtube.com/watch?v=dQw4w9WgXcQ
thir-teen,project description here,https://www.youtube.com/watch?v=dQw4w9WgXcQ
14,project description here,https://www.youtube.com/watch?v=dQw4w9WgXcQ
15,project description here,https://www.youtube.com/watch?v=dQw4w9WgXcQ
SIX TEEN,project description here,https://www.youtube.com/watch?v=dQw4w9WgXcQ
SIX TEEN,project description here,https://www.youtube.com/watch?v=dQw4w9WgXcQ
"seven""te'en",project description here,https://www.youtube.com/watch?v=dQw4w9WgXcQ
NineTeen,project description here,https://www.youtube.com/watch?v=dQw4w9WgXcQ
"tw,en,ty",really long project description here lorem ipsum dors les amet,https://www.youtube.com/watch?v=dQw4w9WgXcQ